stat_date,branch_code,branch_name,branch_kind,region,n_methods,n_metrics,methods,amplitude,raw_amplitude,persistence_factor,trig_7d,severity_score,primary_metric,primary_metric_label,primary_z,evidence,severity,cause,cause_cn,action
2026-07-02,SH019,普陀区第1支行,小微专营支行,普陀区,2,3,mad+stl,1.0825,1.0825,0.8,3,9.959,error_rate,业务差错率,3.207,"业务差错率=0.0242(z=3.21,stl); 客户满意度=4.43(z=-3.31,mad); 运营成本收入比=0.305(z=3.75,mad)",1,true_risk_operational,真实风险,抽查差错明细，加强事后复核与新人辅导
2026-07-04,SH005,黄浦区第1支行,综合支行,黄浦区,0,0,threshold,0.9,0.9,1.0,5,9.0,error_rate,业务差错率,,同星期几偏离: 等候+0% 业务量+0% 周度差错-100% 投诉+0.0/万笔,1,undetermined,待定,纳入观察名单，不单独处置
2026-07-05,SH005,黄浦区第1支行,综合支行,黄浦区,0,0,threshold,0.9,0.9,1.0,6,9.0,error_rate,业务差错率,,同星期几偏离: 等候+0% 业务量+0% 周度差错-100% 投诉+0.0/万笔,1,undetermined,待定,纳入观察名单，不单独处置
2026-07-06,SH005,黄浦区第1支行,综合支行,黄浦区,0,0,threshold,0.9,0.9,1.0,7,9.0,error_rate,业务差错率,,同星期几偏离: 等候+45% 业务量+10% 周度差错-100% 投诉+0.0/万笔,1,undetermined,待定,纳入观察名单，不单独处置
2026-07-06,SH004,浦东新区第4支行,综合支行,浦东新区,2,1,ewma+stl,0.7366,0.7366,1.0,7,8.471,error_rate,业务差错率,-3.653,"客户满意度=4.29(z=-3.65,stl); 客户满意度=4.29(z=-3.40,ewma)",1,true_risk_operational,真实风险,抽查差错明细，加强事后复核与新人辅导
2026-07-07,SH005,黄浦区第1支行,综合支行,黄浦区,0,0,threshold,0.9,0.9,1.0,7,9.0,error_rate,业务差错率,,同星期几偏离: 等候+68% 业务量+10% 周度差错-100% 投诉+0.0/万笔,1,undetermined,待定,纳入观察名单，不单独处置
2026-07-08,SH005,黄浦区第1支行,综合支行,黄浦区,0,0,threshold,0.9,0.9,1.0,7,9.0,error_rate,业务差错率,,同星期几偏离: 等候+17% 业务量+9% 周度差错-100% 投诉+0.0/万笔,1,undetermined,待定,纳入观察名单，不单独处置
2026-07-09,SH005,黄浦区第1支行,综合支行,黄浦区,0,0,threshold,0.9,0.9,1.0,7,9.0,error_rate,业务差错率,,同星期几偏离: 等候+39% 业务量+9% 周度差错-100% 投诉+0.0/万笔,1,undetermined,待定,纳入观察名单，不单独处置
2026-07-10,SH005,黄浦区第1支行,综合支行,黄浦区,1,1,mad,0.9,0.9,1.0,7,9.0,error_rate,业务差错率,-3.234,"平均等候时长=2.22(z=-3.23,mad)",1,undetermined,待定,纳入观察名单，不单独处置
2026-07-11,SH007,黄浦区第3支行,综合支行,黄浦区,3,5,ewma+mad+stl,3.0,8.1085,1.0,5,39.0,avg_wait_minutes,平均等候时长,-19.257,"客户满意度=3(z=-19.26,mad); 平均等候时长=69.7(z=12.37,mad); 平均等候时长=69.7(z=9.47,stl); 平均等候时长=69.7(z=8.18,ewma)",2,true_risk_channel_outage,真实风险,确认自助设备/线上渠道状态，恢复前增开弹性窗口
2026-07-11,SH009,静安区第2支行,综合支行,静安区,0,0,threshold,1.229,1.229,1.0,5,12.29,error_rate,业务差错率,,同星期几偏离: 等候+10% 业务量+6% 周度差错+137% 投诉+0.0/万笔,1,true_risk_operational,真实风险,抽查差错明细，加强事后复核与新人辅导
2026-07-11,SH016,宝山区第2支行,社区支行,宝山区,0,0,threshold,1.2215,1.2215,1.0,5,12.215,error_rate,业务差错率,,同星期几偏离: 等候-20% 业务量+6% 周度差错+136% 投诉+0.0/万笔,1,true_risk_operational,真实风险,抽查差错明细，加强事后复核与新人辅导
2026-07-11,SH005,黄浦区第1支行,综合支行,黄浦区,0,0,threshold,0.9,0.9,1.0,7,9.0,error_rate,业务差错率,,同星期几偏离: 等候+23% 业务量+6% 周度差错-100% 投诉+0.0/万笔,1,undetermined,待定,纳入观察名单，不单独处置
2026-07-12,SH007,黄浦区第3支行,综合支行,黄浦区,3,3,ewma+mad+stl,1.3428,1.3428,1.0,6,17.456,avg_wait_minutes,平均等候时长,6.423,"平均等候时长=6.63(z=6.42,mad); 电子渠道分流率=0.528(z=-6.76,stl); 投诉率（每万笔）=0(z=-4.23,stl); 电子渠道分流率=0.528(z=-4.83,ewma)",1,true_risk_channel_outage,真实风险,确认自助设备/线上渠道状态，恢复前增开弹性窗口
2026-07-12,SH009,静安区第2支行,综合支行,静安区,0,0,threshold,0.9881,0.9881,1.0,6,9.881,error_rate,业务差错率,,同星期几偏离: 等候+0% 业务量+4% 周度差错+110% 投诉+0.0/万笔,1,true_risk_operational,真实风险,抽查差错明细，加强事后复核与新人辅导
2026-07-12,SH016,宝山区第2支行,社区支行,宝山区,0,0,threshold,0.9812,0.9812,1.0,5,9.812,error_rate,业务差错率,,同星期几偏离: 等候-55% 业务量+6% 周度差错+109% 投诉+0.0/万笔,1,true_risk_operational,真实风险,抽查差错明细，加强事后复核与新人辅导
2026-07-12,SH005,黄浦区第1支行,综合支行,黄浦区,0,0,threshold,0.9,0.9,1.0,7,9.0,error_rate,业务差错率,,同星期几偏离: 等候+0% 业务量+5% 周度差错-100% 投诉+0.0/万笔,1,undetermined,待定,纳入观察名单，不单独处置
2026-07-13,SH005,黄浦区第1支行,综合支行,黄浦区,3,1,ewma+mad+stl,3.0,3.0665,1.0,7,39.0,error_rate,业务差错率,4.737,"业务差错率=0.0263(z=4.74,stl); 业务差错率=0.0263(z=4.55,ewma); 业务差错率=0.0263(z=4.11,mad)",2,true_risk_operational,真实风险,抽查差错明细，加强事后复核与新人辅导
2026-07-13,SH010,自贸区临港新片区分行营业部,自贸区分行营业部,自贸区临港新片区,1,1,mad,1.4157,1.4157,1.0,5,14.157,error_rate,业务差错率,-3.409,"客户满意度=4.35(z=-3.41,mad)",1,true_risk_operational,真实风险,抽查差错明细，加强事后复核与新人辅导
2026-07-13,SH016,宝山区第2支行,社区支行,宝山区,1,1,mad,1.0753,1.0753,1.0,5,10.753,error_rate,业务差错率,4.833,"业务差错率=0.0303(z=4.83,mad)",1,true_risk_operational,真实风险,抽查差错明细，加强事后复核与新人辅导
2026-07-13,SH018,松江区第2支行,社区支行,松江区,0,0,threshold,0.9,0.9,1.0,5,9.0,error_rate,业务差错率,,同星期几偏离: 等候-5% 业务量+9% 周度差错-100% 投诉+0.0/万笔,1,undetermined,待定,纳入观察名单，不单独处置
2026-07-13,SH007,黄浦区第3支行,综合支行,黄浦区,0,0,threshold,0.1032,0.1032,1.0,6,1.032,avg_wait_minutes,平均等候时长,,同星期几偏离: 等候+10% 业务量+8% 周度差错+3% 投诉+0.0/万笔,1,undetermined,待定,纳入观察名单，不单独处置
2026-07-14,SH018,松江区第2支行,社区支行,松江区,0,0,threshold,0.9,0.9,1.0,5,9.0,error_rate,业务差错率,,同星期几偏离: 等候+46% 业务量+3% 周度差错-100% 投诉+0.0/万笔,1,undetermined,待定,纳入观察名单，不单独处置
2026-07-14,SH011,自贸区临港新片区分行营业部,自贸区分行营业部,自贸区临港新片区,0,0,threshold,0.8658,0.8658,1.0,6,8.658,error_rate,业务差错率,,同星期几偏离: 等候-3% 业务量+6% 周度差错+96% 投诉+0.0/万笔,1,true_risk_operational,真实风险,抽查差错明细，加强事后复核与新人辅导
2026-07-14,SH005,黄浦区第1支行,综合支行,黄浦区,0,0,threshold,0.8655,0.8655,1.0,7,8.655,error_rate,业务差错率,,同星期几偏离: 等候+2% 业务量+6% 周度差错+96% 投诉+0.0/万笔,1,true_risk_operational,真实风险,抽查差错明细，加强事后复核与新人辅导
2026-07-15,SH005,黄浦区第1支行,综合支行,黄浦区,0,0,threshold,2.292,2.292,1.0,7,22.92,error_rate,业务差错率,,同星期几偏离: 等候-57% 业务量+3% 周度差错+255% 投诉+0.0/万笔,1,true_risk_operational,真实风险,抽查差错明细，加强事后复核与新人辅导
2026-07-15,SH018,松江区第2支行,社区支行,松江区,0,0,threshold,0.9,0.9,1.0,5,9.0,error_rate,业务差错率,,同星期几偏离: 等候+37% 业务量+3% 周度差错-100% 投诉+0.0/万笔,1,undetermined,待定,纳入观察名单，不单独处置
2026-07-16,SH005,黄浦区第1支行,综合支行,黄浦区,0,0,threshold,2.311,2.311,1.0,7,23.11,error_rate,业务差错率,,同星期几偏离: 等候-15% 业务量+1% 周度差错+257% 投诉+0.0/万笔,1,true_risk_operational,真实风险,抽查差错明细，加强事后复核与新人辅导
2026-07-16,SH018,松江区第2支行,社区支行,松江区,0,0,threshold,0.9,0.9,1.0,6,9.0,error_rate,业务差错率,,同星期几偏离: 等候+77% 业务量+0% 周度差错-100% 投诉+0.0/万笔,1,undetermined,待定,纳入观察名单，不单独处置
2026-07-17,SH005,黄浦区第1支行,综合支行,黄浦区,0,0,threshold,2.3351,2.3351,1.0,7,23.351,error_rate,业务差错率,,同星期几偏离: 等候-10% 业务量-1% 周度差错+259% 投诉+0.0/万笔,1,true_risk_operational,真实风险,抽查差错明细，加强事后复核与新人辅导
2026-07-17,SH018,松江区第2支行,社区支行,松江区,0,0,threshold,0.9,0.9,1.0,7,9.0,error_rate,业务差错率,,同星期几偏离: 等候+39% 业务量+0% 周度差错-100% 投诉+0.0/万笔,1,undetermined,待定,纳入观察名单，不单独处置
2026-07-17,SH007,黄浦区第3支行,综合支行,黄浦区,0,0,threshold,1.0597,1.0597,0.8,3,8.478,error_rate,业务差错率,,同星期几偏离: 等候-4% 业务量-1% 周度差错+118% 投诉+0.0/万笔,1,true_risk_operational,真实风险,抽查差错明细，加强事后复核与新人辅导
2026-07-18,SH005,黄浦区第1支行,综合支行,黄浦区,0,0,threshold,2.3596,2.3596,1.0,7,23.596,error_rate,业务差错率,,同星期几偏离: 等候-19% 业务量-3% 周度差错+262% 投诉+0.0/万笔,1,true_risk_operational,真实风险,抽查差错明细，加强事后复核与新人辅导
2026-07-18,SH007,黄浦区第3支行,综合支行,黄浦区,0,0,threshold,1.473,1.473,0.8,3,11.784,error_rate,业务差错率,,同星期几偏离: 等候-13% 业务量-2% 周度差错+164% 投诉+0.0/万笔,1,true_risk_operational,真实风险,抽查差错明细，加强事后复核与新人辅导
2026-07-19,SH005,黄浦区第1支行,综合支行,黄浦区,0,0,threshold,2.3695,2.3695,1.0,7,23.695,error_rate,业务差错率,,同星期几偏离: 等候+0% 业务量-6% 周度差错+263% 投诉+0.0/万笔,1,true_risk_operational,真实风险,抽查差错明细，加强事后复核与新人辅导
2026-07-20,SH005,黄浦区第1支行,综合支行,黄浦区,0,0,threshold,0.9,0.9,1.0,7,9.0,error_rate,业务差错率,,同星期几偏离: 等候+9% 业务量-2% 周度差错-100% 投诉+0.0/万笔,1,undetermined,待定,纳入观察名单，不单独处置
2026-07-21,SH005,黄浦区第1支行,综合支行,黄浦区,0,0,threshold,0.9,0.9,1.0,7,9.0,error_rate,业务差错率,,同星期几偏离: 等候-31% 业务量-3% 周度差错-100% 投诉+0.0/万笔,1,undetermined,待定,纳入观察名单，不单独处置
2026-07-22,SH007,黄浦区第3支行,综合支行,黄浦区,0,0,threshold,1.776,1.776,0.8,4,14.208,error_rate,业务差错率,,同星期几偏离: 等候+10% 业务量-3% 周度差错+197% 投诉+0.0/万笔,1,true_risk_operational,真实风险,抽查差错明细，加强事后复核与新人辅导
2026-07-23,SH007,黄浦区第3支行,综合支行,黄浦区,0,0,threshold,0.9278,0.9278,1.0,5,9.278,error_rate,业务差错率,,同星期几偏离: 等候-7% 业务量-3% 周度差错+103% 投诉+0.0/万笔,1,true_risk_operational,真实风险,抽查差错明细，加强事后复核与新人辅导
2026-07-23,SH020,普陀区第2支行,小微专营支行,普陀区,2,3,ewma+stl,0.7589,0.7589,0.8,4,6.982,counter_txn_cnt,柜面业务量,5.443,"窗口产能饱和度=0.859(z=5.44,stl); 柜面业务量=161(z=5.44,stl); 电子渠道分流率=0.636(z=-5.55,stl); 电子渠道分流率=0.636(z=-4.19,ewma)",1,data_error_duplicate,数据错误,核对核心系统批量任务是否重复跑批，避免按虚高业务量排班
2026-07-24,SH007,黄浦区第3支行,综合支行,黄浦区,0,0,threshold,1.8523,1.8523,1.0,5,18.523,error_rate,业务差错率,,同星期几偏离: 等候-3% 业务量-3% 周度差错+206% 投诉+0.0/万笔,1,true_risk_operational,真实风险,抽查差错明细，加强事后复核与新人辅导
2026-07-24,SH005,黄浦区第1支行,综合支行,黄浦区,2,1,ewma+stl,1.527,1.527,1.0,5,17.561,error_rate,业务差错率,3.698,"业务差错率=0.0204(z=3.70,stl); 业务差错率=0.0204(z=3.13,ewma)",1,true_risk_operational,真实风险,抽查差错明细，加强事后复核与新人辅导
2026-07-24,SH006,黄浦区第2支行,综合支行,黄浦区,2,2,mad+stl,1.3211,1.3211,0.8,3,12.154,error_rate,业务差错率,-3.099,"平均等候时长=7.91(z=-3.10,stl); 业务差错率=0.0231(z=3.33,mad)",1,true_risk_operational,真实风险,抽查差错明细，加强事后复核与新人辅导
2026-07-24,SH020,普陀区第2支行,小微专营支行,普陀区,2,3,ewma+stl,0.7468,0.7468,1.0,5,8.588,counter_txn_cnt,柜面业务量,5.628,"窗口产能饱和度=0.891(z=5.63,stl); 柜面业务量=167(z=5.63,stl); 电子渠道分流率=0.636(z=-5.51,stl); 电子渠道分流率=0.636(z=-3.12,ewma)",1,data_error_duplicate,数据错误,核对核心系统批量任务是否重复跑批，避免按虚高业务量排班
2026-07-25,SH005,黄浦区第1支行,综合支行,黄浦区,0,0,threshold,1.1868,1.1868,1.0,5,11.868,error_rate,业务差错率,,同星期几偏离: 等候-13% 业务量-3% 周度差错+132% 投诉+0.0/万笔,1,true_risk_operational,真实风险,抽查差错明细，加强事后复核与新人辅导
2026-07-25,SH006,黄浦区第2支行,综合支行,黄浦区,0,0,threshold,1.4334,1.4334,0.8,3,11.467,error_rate,业务差错率,,同星期几偏离: 等候-3% 业务量-3% 周度差错+159% 投诉+0.0/万笔,1,true_risk_operational,真实风险,抽查差错明细，加强事后复核与新人辅导
2026-07-25,SH018,松江区第2支行,社区支行,松江区,0,0,threshold,0.9,0.9,1.0,7,9.0,error_rate,业务差错率,,同星期几偏离: 等候+76% 业务量-4% 周度差错-100% 投诉+0.0/万笔,1,undetermined,待定,纳入观察名单，不单独处置
2026-07-25,SH002,浦东新区第2支行,综合支行,浦东新区,0,0,threshold,0.8403,0.8403,1.0,5,8.403,avg_wait_minutes,平均等候时长,,同星期几偏离: 等候+84% 业务量+28% 周度差错-85% 投诉+0.0/万笔,1,true_risk_capacity,真实风险,评估增开弹性窗口或引导客户转向智能设备，复盘排班模型
2026-07-25,SH020,普陀区第2支行,小微专营支行,普陀区,1,1,ewma,0.7862,0.7862,1.0,6,7.862,error_rate,业务差错率,3.182,"电子渠道分流率=0.763(z=3.18,ewma)",1,true_risk_operational,真实风险,抽查差错明细，加强事后复核与新人辅导
2026-07-25,SH014,闵行区第3支行,综合支行,闵行区,2,3,ewma+stl,0.3956,0.3956,0.8,3,3.639,counter_txn_cnt,柜面业务量,4.937,"电子渠道分流率=0.792(z=4.94,stl); 电子渠道分流率=0.792(z=4.68,ewma); 窗口产能饱和度=0.427(z=-3.01,stl); 柜面业务量=96(z=-3.01,stl)",1,caliber_gap,口径差异,确认是否启用新统计口径；若是则回算基线，而非问责网点
2026-07-26,SH018,松江区第2支行,社区支行,松江区,2,2,ewma+stl,0.9,0.9,1.0,7,10.35,error_rate,业务差错率,-3.047,"电子渠道分流率=0.865(z=-3.05,ewma); 运营成本收入比=0.252(z=-3.62,stl)",1,undetermined,待定,纳入观察名单，不单独处置
2026-07-26,SH006,黄浦区第2支行,综合支行,黄浦区,1,1,mad,1.2667,1.2667,0.8,3,10.134,error_rate,业务差错率,10.936,"平均等候时长=3.41(z=10.94,mad)",1,true_risk_operational,真实风险,抽查差错明细，加强事后复核与新人辅导
2026-07-26,SH005,黄浦区第1支行,综合支行,黄浦区,0,0,threshold,0.8911,0.8911,1.0,5,8.911,error_rate,业务差错率,,同星期几偏离: 等候+0% 业务量-3% 周度差错+99% 投诉+0.0/万笔,1,true_risk_operational,真实风险,抽查差错明细，加强事后复核与新人辅导
2026-07-26,SH014,闵行区第3支行,综合支行,闵行区,3,2,ewma+mad+stl,0.3958,0.3958,0.8,3,4.117,counter_txn_cnt,柜面业务量,3.854,"平均等候时长=1.94(z=3.85,mad); 电子渠道分流率=0.794(z=4.32,stl); 电子渠道分流率=0.794(z=3.63,ewma)",1,caliber_gap,口径差异,确认是否启用新统计口径；若是则回算基线，而非问责网点
2026-07-27,SH017,松江区第1支行,社区支行,松江区,0,0,threshold,2.025,2.025,0.8,3,16.2,error_rate,业务差错率,,同星期几偏离: 等候-34% 业务量-1% 周度差错+225% 投诉+0.0/万笔,1,true_risk_operational,真实风险,抽查差错明细，加强事后复核与新人辅导
2026-07-27,SH005,黄浦区第1支行,综合支行,黄浦区,0,0,threshold,1.3354,1.3354,1.0,5,13.354,error_rate,业务差错率,,同星期几偏离: 等候+4% 业务量-2% 周度差错+148% 投诉+0.0/万笔,1,true_risk_operational,真实风险,抽查差错明细，加强事后复核与新人辅导
2026-07-27,SH011,自贸区临港新片区分行营业部,自贸区分行营业部,自贸区临港新片区,2,1,ewma+stl,3.0,3.1481,0.35,2,12.075,complaint_per_10k,投诉率（每万笔）,5.253,"投诉率（每万笔）=37(z=5.25,ewma); 投诉率（每万笔）=37(z=5.16,stl)",1,true_risk_service,真实风险,回溯投诉工单定位服务触点，安排服务话术专项辅导
2026-07-27,SH018,松江区第2支行,社区支行,松江区,0,0,threshold,0.9,0.9,1.0,7,9.0,error_rate,业务差错率,,同星期几偏离: 等候+8% 业务量-3% 周度差错-100% 投诉+0.0/万笔,1,undetermined,待定,纳入观察名单，不单独处置
2026-07-27,SH014,闵行区第3支行,综合支行,闵行区,1,1,stl,0.3885,0.3885,0.8,4,3.108,counter_txn_cnt,柜面业务量,3.156,"电子渠道分流率=0.792(z=3.16,stl)",1,caliber_gap,口径差异,确认是否启用新统计口径；若是则回算基线，而非问责网点
2026-07-28,SH017,松江区第1支行,社区支行,松江区,1,1,stl,2.0163,2.0163,0.8,4,16.131,error_rate,业务差错率,4.185,"平均等候时长=2.21(z=4.18,stl)",1,true_risk_operational,真实风险,抽查差错明细，加强事后复核与新人辅导
2026-07-28,SH005,黄浦区第1支行,综合支行,黄浦区,0,0,threshold,1.0554,1.0554,1.0,5,10.554,error_rate,业务差错率,,同星期几偏离: 等候+2% 业务量+0% 周度差错+117% 投诉+0.0/万笔,1,true_risk_operational,真实风险,抽查差错明细，加强事后复核与新人辅导
2026-07-28,SH018,松江区第2支行,社区支行,松江区,2,2,mad+stl,0.9,0.9,1.0,7,10.35,error_rate,业务差错率,-3.501,"平均等候时长=1(z=-3.50,mad); 客户满意度=4.71(z=3.40,stl)",1,undetermined,待定,纳入观察名单，不单独处置
2026-07-28,SH007,黄浦区第3支行,综合支行,黄浦区,0,0,threshold,1.1903,1.1903,0.8,4,9.523,error_rate,业务差错率,,同星期几偏离: 等候+3% 业务量-0% 周度差错+132% 投诉+0.0/万笔,1,true_risk_operational,真实风险,抽查差错明细，加强事后复核与新人辅导
2026-07-28,SH009,静安区第2支行,综合支行,静安区,0,0,threshold,1.1439,1.1439,0.8,3,9.151,error_rate,业务差错率,,同星期几偏离: 等候-11% 业务量+0% 周度差错+127% 投诉+0.0/万笔,1,true_risk_operational,真实风险,抽查差错明细，加强事后复核与新人辅导
2026-07-28,SH002,浦东新区第2支行,综合支行,浦东新区,0,0,threshold,0.8908,0.8908,1.0,7,8.908,avg_wait_minutes,平均等候时长,,同星期几偏离: 等候+89% 业务量+29% 周度差错-63% 投诉+0.0/万笔,1,true_risk_capacity,真实风险,评估增开弹性窗口或引导客户转向智能设备，复盘排班模型
2026-07-28,SH014,闵行区第3支行,综合支行,闵行区,0,0,threshold,0.38,0.38,1.0,5,3.8,counter_txn_cnt,柜面业务量,,同星期几偏离: 等候-7% 业务量-40% 周度差错-2% 投诉+0.0/万笔,1,caliber_gap,口径差异,确认是否启用新统计口径；若是则回算基线，而非问责网点
2026-07-29,SH017,松江区第1支行,社区支行,松江区,0,0,threshold,1.9991,1.9991,1.0,5,19.991,error_rate,业务差错率,,同星期几偏离: 等候+0% 业务量+2% 周度差错+222% 投诉+0.0/万笔,1,true_risk_operational,真实风险,抽查差错明细，加强事后复核与新人辅导
2026-07-29,SH012,闵行区第1支行,综合支行,闵行区,0,0,threshold,1.0246,1.0246,1.0,5,10.246,error_rate,业务差错率,,同星期几偏离: 等候+4% 业务量+1% 周度差错+114% 投诉+0.0/万笔,1,true_risk_operational,真实风险,抽查差错明细，加强事后复核与新人辅导
2026-07-29,SH018,松江区第2支行,社区支行,松江区,0,0,threshold,0.9,0.9,1.0,7,9.0,error_rate,业务差错率,,同星期几偏离: 等候-16% 业务量+2% 周度差错-100% 投诉+0.0/万笔,1,undetermined,待定,纳入观察名单，不单独处置
2026-07-29,SH009,静安区第2支行,综合支行,静安区,0,0,threshold,1.1229,1.1229,0.8,4,8.983,error_rate,业务差错率,,同星期几偏离: 等候+1% 业务量+1% 周度差错+125% 投诉+0.0/万笔,1,true_risk_operational,真实风险,抽查差错明细，加强事后复核与新人辅导
2026-07-29,SH020,普陀区第2支行,小微专营支行,普陀区,1,1,mad,0.851,0.851,1.0,5,8.51,error_rate,业务差错率,7.478,"业务差错率=0.0217(z=7.48,mad)",1,true_risk_operational,真实风险,抽查差错明细，加强事后复核与新人辅导
2026-07-30,SH013,闵行区第2支行,综合支行,闵行区,0,0,threshold,3.0,4.8851,0.8,3,24.0,complaint_per_10k,投诉率（每万笔）,,同星期几偏离: 等候+4% 业务量+2% 周度差错-24% 投诉+57.5/万笔,1,true_risk_service,真实风险,回溯投诉工单定位服务触点，安排服务话术专项辅导
2026-07-30,SH017,松江区第1支行,社区支行,松江区,0,0,threshold,1.9821,1.9821,1.0,6,19.821,error_rate,业务差错率,,同星期几偏离: 等候+6% 业务量+1% 周度差错+220% 投诉+0.0/万笔,1,true_risk_operational,真实风险,抽查差错明细，加强事后复核与新人辅导
2026-07-30,SH012,闵行区第1支行,综合支行,闵行区,0,0,threshold,1.1293,1.1293,1.0,5,11.293,error_rate,业务差错率,,同星期几偏离: 等候+7% 业务量+2% 周度差错+125% 投诉+0.0/万笔,1,true_risk_operational,真实风险,抽查差错明细，加强事后复核与新人辅导
2026-07-30,SH009,静安区第2支行,综合支行,静安区,0,0,threshold,1.1073,1.1073,1.0,5,11.073,error_rate,业务差错率,,同星期几偏离: 等候+8% 业务量+2% 周度差错+123% 投诉+0.0/万笔,1,true_risk_operational,真实风险,抽查差错明细，加强事后复核与新人辅导
2026-07-30,SH018,松江区第2支行,社区支行,松江区,0,0,threshold,0.9,0.9,1.0,7,9.0,error_rate,业务差错率,,同星期几偏离: 等候-25% 业务量+0% 周度差错-100% 投诉+0.0/万笔,1,undetermined,待定,纳入观察名单，不单独处置
2026-07-30,SH002,浦东新区第2支行,综合支行,浦东新区,0,0,threshold,0.8898,0.8898,1.0,7,8.898,avg_wait_minutes,平均等候时长,,同星期几偏离: 等候+89% 业务量+29% 周度差错-41% 投诉+0.0/万笔,1,true_risk_capacity,真实风险,评估增开弹性窗口或引导客户转向智能设备，复盘排班模型
2026-07-31,SH017,松江区第1支行,社区支行,松江区,0,0,threshold,0.9,0.9,1.0,7,9.0,error_rate,业务差错率,,同星期几偏离: 等候+90% 业务量+3% 周度差错-100% 投诉+0.0/万笔,1,undetermined,待定,纳入观察名单，不单独处置
2026-07-31,SH018,松江区第2支行,社区支行,松江区,0,0,threshold,0.9,0.9,1.0,7,9.0,error_rate,业务差错率,,同星期几偏离: 等候+40% 业务量+3% 周度差错-100% 投诉+0.0/万笔,1,undetermined,待定,纳入观察名单，不单独处置
2026-08-01,SH017,松江区第1支行,社区支行,松江区,1,1,mad,0.9,0.9,1.0,7,9.0,error_rate,业务差错率,-4.73,"运营成本收入比=0.229(z=-4.73,mad)",1,undetermined,待定,纳入观察名单，不单独处置
2026-08-01,SH018,松江区第2支行,社区支行,松江区,0,0,threshold,0.9,0.9,1.0,7,9.0,error_rate,业务差错率,,同星期几偏离: 等候-19% 业务量+1% 周度差错-100% 投诉+0.0/万笔,1,undetermined,待定,纳入观察名单，不单独处置
2026-08-02,SH017,松江区第1支行,社区支行,松江区,0,0,threshold,0.9,0.9,1.0,7,9.0,error_rate,业务差错率,,同星期几偏离: 等候+0% 业务量+6% 周度差错-100% 投诉+0.0/万笔,1,undetermined,待定,纳入观察名单，不单独处置
2026-08-02,SH018,松江区第2支行,社区支行,松江区,1,1,stl,0.9,0.9,1.0,7,9.0,error_rate,业务差错率,4.339,"电子渠道分流率=0.872(z=4.34,stl)",1,undetermined,待定,纳入观察名单，不单独处置
2026-08-02,SH002,浦东新区第2支行,综合支行,浦东新区,1,2,stl,0.87,0.87,1.0,7,8.7,avg_wait_minutes,平均等候时长,-3.237,"窗口产能饱和度=0.258(z=-3.24,stl); 柜面业务量=58(z=-3.24,stl)",1,true_risk_capacity,真实风险,评估增开弹性窗口或引导客户转向智能设备，复盘排班模型
2026-08-02,SH009,静安区第2支行,综合支行,静安区,1,1,stl,0.8551,0.8551,1.0,6,8.551,error_rate,业务差错率,4.445,"业务差错率=0.0185(z=4.45,stl)",1,true_risk_operational,真实风险,抽查差错明细，加强事后复核与新人辅导
2026-08-03,SH011,自贸区临港新片区分行营业部,自贸区分行营业部,自贸区临港新片区,3,2,ewma+mad+stl,2.9412,2.9412,0.8,3,30.588,complaint_per_10k,投诉率（每万笔）,4.859,"投诉率（每万笔）=34.6(z=4.86,stl); 投诉率（每万笔）=34.6(z=4.67,ewma); 客户满意度=4.1(z=-3.68,mad)",2,true_risk_service,真实风险,回溯投诉工单定位服务触点，安排服务话术专项辅导
2026-08-03,SH018,松江区第2支行,社区支行,松江区,3,1,ewma+mad+stl,2.1424,2.1424,1.0,7,27.852,error_rate,业务差错率,4.071,"业务差错率=0.0278(z=4.07,stl); 业务差错率=0.0278(z=3.67,ewma); 业务差错率=0.0278(z=3.07,mad)",1,true_risk_operational,真实风险,抽查差错明细，加强事后复核与新人辅导
2026-08-03,SH014,闵行区第3支行,综合支行,闵行区,2,1,mad+stl,0.9057,0.9057,1.0,7,10.416,error_rate,业务差错率,4.285,"业务差错率=0.0283(z=4.28,stl); 业务差错率=0.0283(z=3.14,mad)",1,true_risk_operational,真实风险,抽查差错明细，加强事后复核与新人辅导
2026-08-03,SH002,浦东新区第2支行,综合支行,浦东新区,1,1,stl,0.9216,0.9216,1.0,7,9.216,avg_wait_minutes,平均等候时长,3.983,"平均等候时长=19.6(z=3.98,stl)",1,true_risk_capacity,真实风险,评估增开弹性窗口或引导客户转向智能设备，复盘排班模型
2026-08-03,SH017,松江区第1支行,社区支行,松江区,0,0,threshold,0.9,0.9,1.0,7,9.0,error_rate,业务差错率,,同星期几偏离: 等候+21% 业务量+5% 周度差错-100% 投诉+0.0/万笔,1,undetermined,待定,纳入观察名单，不单独处置
2026-08-04,SH017,松江区第1支行,社区支行,松江区,0,0,threshold,0.9,0.9,1.0,7,9.0,error_rate,业务差错率,,同星期几偏离: 等候-16% 业务量+5% 周度差错-100% 投诉+0.0/万笔,1,undetermined,待定,纳入观察名单，不单独处置
2026-08-05,SH017,松江区第1支行,社区支行,松江区,0,0,threshold,0.9,0.9,1.0,7,9.0,error_rate,业务差错率,,同星期几偏离: 等候+34% 业务量+8% 周度差错-100% 投诉+0.0/万笔,1,undetermined,待定,纳入观察名单，不单独处置
2026-08-06,SH017,松江区第1支行,社区支行,松江区,0,0,threshold,0.9,0.9,1.0,7,9.0,error_rate,业务差错率,,同星期几偏离: 等候+60% 业务量+8% 周度差错-100% 投诉+0.0/万笔,1,undetermined,待定,纳入观察名单，不单独处置
2026-08-06,SH002,浦东新区第2支行,综合支行,浦东新区,0,0,threshold,0.8776,0.8776,1.0,7,8.776,avg_wait_minutes,平均等候时长,,同星期几偏离: 等候+88% 业务量+25% 周度差错-24% 投诉+0.0/万笔,1,true_risk_capacity,真实风险,评估增开弹性窗口或引导客户转向智能设备，复盘排班模型
2026-08-07,SH017,松江区第1支行,社区支行,松江区,1,1,stl,1.7707,1.7707,1.0,7,17.707,error_rate,业务差错率,3.125,"运营成本收入比=0.268(z=3.13,stl)",1,true_risk_operational,真实风险,抽查差错明细，加强事后复核与新人辅导
2026-08-07,SH014,闵行区第3支行,综合支行,闵行区,0,0,threshold,0.8311,0.8311,1.0,7,8.311,error_rate,业务差错率,,同星期几偏离: 等候+24% 业务量-19% 周度差错+92% 投诉+0.0/万笔,1,caliber_gap,口径差异,确认是否启用新统计口径；若是则回算基线，而非问责网点
2026-08-08,SH002,浦东新区第2支行,综合支行,浦东新区,2,1,ewma+stl,3.0,4.0865,1.0,7,34.5,complaint_per_10k,投诉率（每万笔）,9.487,"投诉率（每万笔）=48.1(z=9.49,stl); 投诉率（每万笔）=48.1(z=8.47,ewma)",2,true_risk_capacity,真实风险,评估增开弹性窗口或引导客户转向智能设备，复盘排班模型
2026-08-08,SH011,自贸区临港新片区分行营业部,自贸区分行营业部,自贸区临港新片区,2,1,ewma+stl,2.8814,2.8814,0.8,4,26.508,complaint_per_10k,投诉率（每万笔）,4.714,"投诉率（每万笔）=33.9(z=4.71,stl); 投诉率（每万笔）=33.9(z=4.36,ewma)",1,true_risk_service,真实风险,回溯投诉工单定位服务触点，安排服务话术专项辅导
2026-08-09,SH018,松江区第2支行,社区支行,松江区,0,0,threshold,2.2211,2.2211,1.0,7,22.211,error_rate,业务差错率,,同星期几偏离: 等候+0% 业务量+10% 周度差错+247% 投诉+0.0/万笔,1,true_risk_operational,真实风险,抽查差错明细，加强事后复核与新人辅导
2026-08-09,SH017,松江区第1支行,社区支行,松江区,2,4,ewma+stl,1.886,1.886,1.0,6,21.689,error_rate,业务差错率,7.49,"业务差错率=0.0556(z=7.49,stl); 业务差错率=0.0556(z=6.38,ewma); 电子渠道分流率=0.793(z=4.75,stl); 窗口产能饱和度=0.12(z=-3.63,stl)",1,true_risk_operational,真实风险,抽查差错明细，加强事后复核与新人辅导
2026-08-09,SH003,浦东新区第3支行,综合支行,浦东新区,2,1,ewma+stl,1.38,1.38,1.0,6,15.87,avg_wait_minutes,平均等候时长,4.384,"电子渠道分流率=0.65(z=4.38,stl); 电子渠道分流率=0.65(z=3.34,ewma)",1,undetermined,待定,纳入观察名单，不单独处置
2026-08-09,SH002,浦东新区第2支行,综合支行,浦东新区,2,3,mad+stl,0.73,0.73,1.0,7,8.395,avg_wait_minutes,平均等候时长,-5.396,"客户满意度=4.4(z=-5.40,mad); 窗口产能饱和度=0.271(z=-3.47,stl); 柜面业务量=61(z=-3.47,stl)",1,true_risk_capacity,真实风险,评估增开弹性窗口或引导客户转向智能设备，复盘排班模型
2026-08-10,SH017,松江区第1支行,社区支行,松江区,1,1,stl,0.9696,0.9696,1.0,6,9.696,avg_wait_minutes,平均等候时长,3.056,"平均等候时长=2.59(z=3.06,stl)",1,undetermined,待定,纳入观察名单，不单独处置
2026-08-10,SH018,松江区第2支行,社区支行,松江区,0,0,threshold,0.9,0.9,1.0,7,9.0,error_rate,业务差错率,,同星期几偏离: 等候-2% 业务量+9% 周度差错-100% 投诉+0.0/万笔,1,undetermined,待定,纳入观察名单，不单独处置
2026-08-11,SH018,松江区第2支行,社区支行,松江区,0,0,threshold,0.9,0.9,1.0,7,9.0,error_rate,业务差错率,,同星期几偏离: 等候-30% 业务量+9% 周度差错-100% 投诉+0.0/万笔,1,undetermined,待定,纳入观察名单，不单独处置
2026-08-12,SH008,静安区第1支行,综合支行,静安区,2,1,ewma+stl,3.0,5.8219,0.8,4,27.6,complaint_per_10k,投诉率（每万笔）,7.181,"投诉率（每万笔）=68.5(z=7.18,stl); 投诉率（每万笔）=68.5(z=6.10,ewma)",1,true_risk_service,真实风险,回溯投诉工单定位服务触点，安排服务话术专项辅导
2026-08-12,SH005,黄浦区第1支行,综合支行,黄浦区,0,0,threshold,0.9,0.9,1.0,5,9.0,error_rate,业务差错率,,同星期几偏离: 等候+25% 业务量+8% 周度差错-100% 投诉+0.0/万笔,1,undetermined,待定,纳入观察名单，不单独处置
2026-08-12,SH018,松江区第2支行,社区支行,松江区,0,0,threshold,0.9,0.9,1.0,7,9.0,error_rate,业务差错率,,同星期几偏离: 等候-16% 业务量+6% 周度差错-100% 投诉+0.0/万笔,1,undetermined,待定,纳入观察名单，不单独处置
2026-08-12,SH004,浦东新区第4支行,综合支行,浦东新区,0,0,threshold,0.8079,0.8079,1.0,7,8.079,error_rate,业务差错率,,同星期几偏离: 等候+19% 业务量+8% 周度差错+90% 投诉+0.0/万笔,1,true_risk_operational,真实风险,抽查差错明细，加强事后复核与新人辅导
2026-08-13,SH017,松江区第1支行,社区支行,松江区,1,1,stl,1.0446,1.0446,1.0,5,10.446,avg_wait_minutes,平均等候时长,3.303,"平均等候时长=2.29(z=3.30,stl)",1,undetermined,待定,纳入观察名单，不单独处置
2026-08-13,SH015,宝山区第1支行,社区支行,宝山区,0,0,threshold,1.0344,1.0344,1.0,5,10.344,error_rate,业务差错率,,同星期几偏离: 等候+14% 业务量+6% 周度差错+115% 投诉+0.0/万笔,1,true_risk_operational,真实风险,抽查差错明细，加强事后复核与新人辅导
2026-08-13,SH018,松江区第2支行,社区支行,松江区,1,1,mad,0.9,0.9,1.0,7,9.0,error_rate,业务差错率,-3.15,"平均等候时长=1.72(z=-3.15,mad)",1,undetermined,待定,纳入观察名单，不单独处置
2026-08-13,SH008,静安区第1支行,综合支行,静安区,0,0,threshold,1.08,1.08,0.8,4,8.64,error_rate,业务差错率,,同星期几偏离: 等候+20% 业务量+7% 周度差错+120% 投诉+0.0/万笔,1,true_risk_operational,真实风险,抽查差错明细，加强事后复核与新人辅导
2026-08-14,SH008,静安区第1支行,综合支行,静安区,0,0,threshold,0.9321,0.9321,1.0,5,9.321,error_rate,业务差错率,,同星期几偏离: 等候+16% 业务量+7% 周度差错+104% 投诉+0.0/万笔,1,true_risk_operational,真实风险,抽查差错明细，加强事后复核与新人辅导
2026-08-14,SH018,松江区第2支行,社区支行,松江区,0,0,threshold,0.9,0.9,1.0,7,9.0,error_rate,业务差错率,,同星期几偏离: 等候-21% 业务量+5% 周度差错-100% 投诉+0.0/万笔,1,undetermined,待定,纳入观察名单，不单独处置
2026-08-15,SH018,松江区第2支行,社区支行,松江区,3,1,ewma+mad+stl,2.2355,2.2355,1.0,7,29.061,error_rate,业务差错率,6.895,"业务差错率=0.0278(z=6.89,mad); 业务差错率=0.0278(z=3.95,stl); 业务差错率=0.0278(z=3.65,ewma)",1,true_risk_operational,真实风险,抽查差错明细，加强事后复核与新人辅导
2026-08-16,SH008,静安区第1支行,综合支行,静安区,2,1,ewma+stl,0.8768,0.8768,1.0,6,10.083,error_rate,业务差错率,4.411,"业务差错率=0.0222(z=4.41,stl); 业务差错率=0.0222(z=3.27,ewma)",1,true_risk_operational,真实风险,抽查差错明细，加强事后复核与新人辅导
2026-08-16,SH017,松江区第1支行,社区支行,松江区,0,0,threshold,0.9,0.9,1.0,5,9.0,error_rate,业务差错率,,同星期几偏离: 等候+0% 业务量+3% 周度差错-100% 投诉+0.0/万笔,1,undetermined,待定,纳入观察名单，不单独处置
2026-08-21,SH020,普陀区第2支行,小微专营支行,普陀区,2,1,ewma+stl,3.0,8.9474,0.8,3,27.6,complaint_per_10k,投诉率（每万笔）,9.487,"投诉率（每万笔）=105(z=9.49,stl); 投诉率（每万笔）=105(z=8.47,ewma)",1,true_risk_service,真实风险,回溯投诉工单定位服务触点，安排服务话术专项辅导
2026-08-22,SH018,松江区第2支行,社区支行,松江区,0,0,threshold,0.9,0.9,1.0,7,9.0,error_rate,业务差错率,,同星期几偏离: 等候+71% 业务量-3% 周度差错-100% 投诉+0.0/万笔,1,undetermined,待定,纳入观察名单，不单独处置
2026-08-23,SH018,松江区第2支行,社区支行,松江区,0,0,threshold,0.9,0.9,1.0,7,9.0,error_rate,业务差错率,,同星期几偏离: 等候+0% 业务量+0% 周度差错-100% 投诉+0.0/万笔,1,undetermined,待定,纳入观察名单，不单独处置
2026-08-24,SH018,松江区第2支行,社区支行,松江区,0,0,threshold,0.9,0.9,1.0,7,9.0,error_rate,业务差错率,,同星期几偏离: 等候-23% 业务量-3% 周度差错-100% 投诉+0.0/万笔,1,undetermined,待定,纳入观察名单，不单独处置
2026-08-25,SH018,松江区第2支行,社区支行,松江区,0,0,threshold,0.9,0.9,1.0,7,9.0,error_rate,业务差错率,,同星期几偏离: 等候+43% 业务量-4% 周度差错-100% 投诉+0.0/万笔,1,undetermined,待定,纳入观察名单，不单独处置
2026-08-26,SH014,闵行区第3支行,综合支行,闵行区,0,0,threshold,0.9,0.9,1.0,5,9.0,error_rate,业务差错率,,同星期几偏离: 等候-1% 业务量-2% 周度差错-100% 投诉+0.0/万笔,1,undetermined,待定,纳入观察名单，不单独处置
2026-08-26,SH018,松江区第2支行,社区支行,松江区,0,0,threshold,0.9,0.9,1.0,7,9.0,error_rate,业务差错率,,同星期几偏离: 等候+0% 业务量-5% 周度差错-100% 投诉+0.0/万笔,1,undetermined,待定,纳入观察名单，不单独处置
2026-08-27,SH014,闵行区第3支行,综合支行,闵行区,0,0,threshold,0.9,0.9,1.0,5,9.0,error_rate,业务差错率,,同星期几偏离: 等候-5% 业务量-2% 周度差错-100% 投诉+0.0/万笔,1,undetermined,待定,纳入观察名单，不单独处置
2026-08-27,SH018,松江区第2支行,社区支行,松江区,0,0,threshold,0.9,0.9,1.0,7,9.0,error_rate,业务差错率,,同星期几偏离: 等候-10% 业务量-2% 周度差错-100% 投诉+0.0/万笔,1,undetermined,待定,纳入观察名单，不单独处置
2026-08-28,SH013,闵行区第2支行,综合支行,闵行区,0,0,threshold,3.0,27.4194,0.35,2,10.5,complaint_per_10k,投诉率（每万笔）,,同星期几偏离: 等候-3% 业务量-1% 周度差错-12% 投诉+322.6/万笔,1,true_risk_service,真实风险,回溯投诉工单定位服务触点，安排服务话术专项辅导
2026-08-28,SH005,黄浦区第1支行,综合支行,黄浦区,0,0,threshold,1.1314,1.1314,0.8,4,9.051,error_rate,业务差错率,,同星期几偏离: 等候-19% 业务量-1% 周度差错+126% 投诉+0.0/万笔,1,true_risk_operational,真实风险,抽查差错明细，加强事后复核与新人辅导
2026-08-28,SH018,松江区第2支行,社区支行,松江区,0,0,threshold,0.9,0.9,1.0,7,9.0,error_rate,业务差错率,,同星期几偏离: 等候-28% 业务量+2% 周度差错-100% 投诉+0.0/万笔,1,undetermined,待定,纳入观察名单，不单独处置
2026-08-29,SH013,闵行区第2支行,综合支行,闵行区,0,0,threshold,3.0,29.4554,0.8,3,24.0,complaint_per_10k,投诉率（每万笔）,,同星期几偏离: 等候+3% 业务量+1% 周度差错-24% 投诉+346.5/万笔,1,true_risk_service,真实风险,回溯投诉工单定位服务触点，安排服务话术专项辅导
2026-08-29,SH018,松江区第2支行,社区支行,松江区,1,1,stl,0.9,0.9,1.0,7,9.0,error_rate,业务差错率,-3.851,"平均等候时长=1(z=-3.85,stl)",1,undetermined,待定,纳入观察名单，不单独处置
2026-08-29,SH014,闵行区第3支行,综合支行,闵行区,0,0,threshold,1.0554,1.0554,0.8,4,8.444,error_rate,业务差错率,,同星期几偏离: 等候+5% 业务量+0% 周度差错+117% 投诉+0.0/万笔,1,true_risk_operational,真实风险,抽查差错明细，加强事后复核与新人辅导
2026-08-30,SH013,闵行区第2支行,综合支行,闵行区,2,1,ewma+stl,3.0,99.1667,0.8,4,27.6,complaint_per_10k,投诉率（每万笔）,8.244,"投诉率（每万笔）=1.17e+03(z=8.24,stl); 投诉率（每万笔）=1.17e+03(z=7.38,ewma)",1,true_risk_service,真实风险,回溯投诉工单定位服务触点，安排服务话术专项辅导
2026-08-30,SH018,松江区第2支行,社区支行,松江区,1,1,stl,0.9,0.9,1.0,7,9.0,error_rate,业务差错率,3.928,"电子渠道分流率=0.875(z=3.93,stl)",1,undetermined,待定,纳入观察名单，不单独处置
2026-08-31,SH013,闵行区第2支行,综合支行,闵行区,0,0,threshold,3.0,32.381,1.0,5,30.0,complaint_per_10k,投诉率（每万笔）,,同星期几偏离: 等候+15% 业务量+3% 周度差错-40% 投诉+381.0/万笔,2,true_risk_service,真实风险,回溯投诉工单定位服务触点，安排服务话术专项辅导
2026-08-31,SH018,松江区第2支行,社区支行,松江区,2,1,ewma+stl,2.3555,2.3555,1.0,7,27.088,error_rate,业务差错率,3.892,"业务差错率=0.027(z=3.89,stl); 业务差错率=0.027(z=3.57,ewma)",1,true_risk_operational,真实风险,抽查差错明细，加强事后复核与新人辅导
2026-08-31,SH014,闵行区第3支行,综合支行,闵行区,0,0,threshold,1.316,1.316,1.0,5,13.16,error_rate,业务差错率,,同星期几偏离: 等候+7% 业务量+3% 周度差错+146% 投诉+0.0/万笔,1,true_risk_operational,真实风险,抽查差错明细，加强事后复核与新人辅导
2026-09-01,SH013,闵行区第2支行,综合支行,闵行区,0,0,threshold,3.0,30.3571,1.0,6,30.0,complaint_per_10k,投诉率（每万笔）,,同星期几偏离: 等候+8% 业务量+3% 周度差错-54% 投诉+357.1/万笔,2,true_risk_service,真实风险,回溯投诉工单定位服务触点，安排服务话术专项辅导
2026-09-01,SH014,闵行区第3支行,综合支行,闵行区,0,0,threshold,0.8951,0.8951,1.0,6,8.951,error_rate,业务差错率,,同星期几偏离: 等候+16% 业务量+4% 周度差错+99% 投诉+0.0/万笔,1,true_risk_operational,真实风险,抽查差错明细，加强事后复核与新人辅导
2026-09-02,SH012,闵行区第1支行,综合支行,闵行区,3,2,ewma+mad+stl,3.0,67.7449,0.8,4,31.2,avg_wait_minutes,平均等候时长,141.25,"平均等候时长=656(z=141.25,mad); 平均等候时长=656(z=9.48,stl); 客户满意度=3(z=-12.97,mad); 平均等候时长=656(z=8.47,ewma)",2,data_error_unit,数据错误,先核对叫号系统字段单位（分钟/秒），确认后再评估业务影响
2026-09-02,SH014,闵行区第3支行,综合支行,闵行区,0,0,threshold,0.8781,0.8781,1.0,6,8.781,error_rate,业务差错率,,同星期几偏离: 等候+9% 业务量+4% 周度差错+98% 投诉+0.0/万笔,1,true_risk_operational,真实风险,抽查差错明细，加强事后复核与新人辅导
2026-09-03,SH014,闵行区第3支行,综合支行,闵行区,0,0,threshold,0.8614,0.8614,1.0,6,8.614,error_rate,业务差错率,,同星期几偏离: 等候+16% 业务量+4% 周度差错+96% 投诉+0.0/万笔,1,true_risk_operational,真实风险,抽查差错明细，加强事后复核与新人辅导
2026-09-04,SH017,松江区第1支行,社区支行,松江区,0,0,threshold,0.9,0.9,1.0,5,9.0,error_rate,业务差错率,,同星期几偏离: 等候+45% 业务量+5% 周度差错-100% 投诉+0.0/万笔,1,undetermined,待定,纳入观察名单，不单独处置
2026-09-05,SH017,松江区第1支行,社区支行,松江区,0,0,threshold,0.9,0.9,1.0,5,9.0,error_rate,业务差错率,,同星期几偏离: 等候+8% 业务量+7% 周度差错-100% 投诉+0.0/万笔,1,undetermined,待定,纳入观察名单，不单独处置
2026-09-06,SH018,松江区第2支行,社区支行,松江区,0,0,threshold,2.25,2.25,1.0,7,22.5,error_rate,业务差错率,,同星期几偏离: 等候+0% 业务量+10% 周度差错+250% 投诉+0.0/万笔,1,true_risk_operational,真实风险,抽查差错明细，加强事后复核与新人辅导
2026-09-06,SH015,宝山区第1支行,社区支行,宝山区,0,0,threshold,0.9,0.9,1.0,6,9.0,error_rate,业务差错率,,同星期几偏离: 等候+14% 业务量+8% 周度差错-100% 投诉+0.0/万笔,1,undetermined,待定,纳入观察名单，不单独处置
2026-09-06,SH017,松江区第1支行,社区支行,松江区,0,0,threshold,0.9,0.9,1.0,6,9.0,error_rate,业务差错率,,同星期几偏离: 等候+0% 业务量+6% 周度差错-100% 投诉+0.0/万笔,1,undetermined,待定,纳入观察名单，不单独处置
2026-09-07,SH003,浦东新区第3支行,综合支行,浦东新区,3,2,ewma+mad+stl,0.6963,0.6963,1.0,5,9.052,avg_wait_minutes,平均等候时长,10.469,"平均等候时长=84.8(z=10.47,mad); 客户满意度=3(z=-11.46,mad); 平均等候时长=84.8(z=4.23,stl); 平均等候时长=84.8(z=3.22,ewma)",1,undetermined,待定,纳入观察名单，不单独处置
2026-09-07,SH017,松江区第1支行,社区支行,松江区,0,0,threshold,0.9,0.9,1.0,6,9.0,error_rate,业务差错率,,同星期几偏离: 等候-23% 业务量+8% 周度差错-100% 投诉+0.0/万笔,1,undetermined,待定,纳入观察名单，不单独处置
2026-09-07,SH018,松江区第2支行,社区支行,松江区,0,0,threshold,0.9,0.9,1.0,7,9.0,error_rate,业务差错率,,同星期几偏离: 等候-44% 业务量+7% 周度差错-100% 投诉+0.0/万笔,1,undetermined,待定,纳入观察名单，不单独处置
2026-09-08,SH017,松江区第1支行,社区支行,松江区,0,0,threshold,0.9,0.9,1.0,7,9.0,error_rate,业务差错率,,同星期几偏离: 等候+41% 业务量+9% 周度差错-100% 投诉+0.0/万笔,1,undetermined,待定,纳入观察名单，不单独处置
2026-09-08,SH018,松江区第2支行,社区支行,松江区,0,0,threshold,0.9,0.9,1.0,7,9.0,error_rate,业务差错率,,同星期几偏离: 等候-10% 业务量+10% 周度差错-100% 投诉+0.0/万笔,1,undetermined,待定,纳入观察名单，不单独处置
2026-09-09,SH018,松江区第2支行,社区支行,松江区,0,0,threshold,0.9,0.9,1.0,7,9.0,error_rate,业务差错率,,同星期几偏离: 等候+52% 业务量+8% 周度差错-100% 投诉+0.0/万笔,1,undetermined,待定,纳入观察名单，不单独处置
2026-09-10,SH013,闵行区第2支行,综合支行,闵行区,2,1,mad+stl,3.0,4.3147,0.8,3,27.6,complaint_per_10k,投诉率（每万笔）,-3.802,"客户满意度=4.22(z=-3.80,mad); 客户满意度=4.22(z=-3.77,stl)",1,true_risk_service,真实风险,回溯投诉工单定位服务触点，安排服务话术专项辅导
2026-09-10,SH018,松江区第2支行,社区支行,松江区,0,0,threshold,0.9,0.9,1.0,7,9.0,error_rate,业务差错率,,同星期几偏离: 等候-2% 业务量+11% 周度差错-100% 投诉+0.0/万笔,1,undetermined,待定,纳入观察名单，不单独处置
2026-09-11,SH018,松江区第2支行,社区支行,松江区,1,1,stl,0.9837,0.9837,1.0,7,9.837,avg_wait_minutes,平均等候时长,4.194,"平均等候时长=2.44(z=4.19,stl)",1,undetermined,待定,纳入观察名单，不单独处置
2026-09-11,SH017,松江区第1支行,社区支行,松江区,1,1,mad,0.9507,0.9507,1.0,6,9.507,error_rate,业务差错率,6.397,"业务差错率=0.0161(z=6.40,mad)",1,true_risk_operational,真实风险,抽查差错明细，加强事后复核与新人辅导
2026-09-12,SH018,松江区第2支行,社区支行,松江区,0,0,threshold,0.9,0.9,1.0,7,9.0,error_rate,业务差错率,,同星期几偏离: 等候-8% 业务量+7% 周度差错-100% 投诉+0.0/万笔,1,undetermined,待定,纳入观察名单，不单独处置
2026-09-13,SH009,静安区第2支行,综合支行,静安区,2,1,ewma+stl,1.84,1.84,1.0,7,21.16,avg_wait_minutes,平均等候时长,3.771,"业务差错率=0.0169(z=3.77,stl); 业务差错率=0.0169(z=3.15,ewma)",1,undetermined,待定,纳入观察名单，不单独处置
2026-09-13,SH018,松江区第2支行,社区支行,松江区,0,0,threshold,0.9,0.9,1.0,7,9.0,error_rate,业务差错率,,同星期几偏离: 等候+0% 业务量+10% 周度差错-100% 投诉+0.0/万笔,1,undetermined,待定,纳入观察名单，不单独处置
2026-09-14,SH017,松江区第1支行,社区支行,松江区,1,1,ewma,3.0,12.8788,1.0,5,30.0,complaint_per_10k,投诉率（每万笔）,8.503,"投诉率（每万笔）=152(z=8.50,ewma)",2,true_risk_service,真实风险,回溯投诉工单定位服务触点，安排服务话术专项辅导
2026-09-14,SH018,松江区第2支行,社区支行,松江区,0,0,threshold,0.9,0.9,1.0,7,9.0,error_rate,业务差错率,,同星期几偏离: 等候+14% 业务量+4% 周度差错-100% 投诉+0.0/万笔,1,undetermined,待定,纳入观察名单，不单独处置
2026-09-15,SH017,松江区第1支行,社区支行,松江区,0,0,threshold,0.9796,0.9796,1.0,5,9.796,error_rate,业务差错率,,同星期几偏离: 等候+6% 业务量+5% 周度差错+109% 投诉+0.0/万笔,1,true_risk_operational,真实风险,抽查差错明细，加强事后复核与新人辅导
2026-09-15,SH018,松江区第2支行,社区支行,松江区,0,0,threshold,0.9,0.9,1.0,7,9.0,error_rate,业务差错率,,同星期几偏离: 等候+14% 业务量+7% 周度差错-100% 投诉+0.0/万笔,1,undetermined,待定,纳入观察名单，不单独处置
2026-09-16,SH018,松江区第2支行,社区支行,松江区,0,0,threshold,0.9,0.9,1.0,7,9.0,error_rate,业务差错率,,同星期几偏离: 等候+46% 业务量+3% 周度差错-100% 投诉+0.0/万笔,1,undetermined,待定,纳入观察名单，不单独处置
2026-09-17,SH018,松江区第2支行,社区支行,松江区,0,0,threshold,0.9,0.9,1.0,7,9.0,error_rate,业务差错率,,同星期几偏离: 等候+28% 业务量+3% 周度差错-100% 投诉+0.0/万笔,1,undetermined,待定,纳入观察名单，不单独处置
2026-09-18,SH017,松江区第1支行,社区支行,松江区,0,0,threshold,0.9,0.9,1.0,5,9.0,error_rate,业务差错率,,同星期几偏离: 等候+17% 业务量+0% 周度差错-100% 投诉+0.0/万笔,1,undetermined,待定,纳入观察名单，不单独处置
2026-09-18,SH018,松江区第2支行,社区支行,松江区,0,0,threshold,0.9,0.9,1.0,7,9.0,error_rate,业务差错率,,同星期几偏离: 等候-20% 业务量+0% 周度差错-100% 投诉+0.0/万笔,1,undetermined,待定,纳入观察名单，不单独处置
2026-09-19,SH017,松江区第1支行,社区支行,松江区,0,0,threshold,0.9,0.9,1.0,5,9.0,error_rate,业务差错率,,同星期几偏离: 等候-20% 业务量-2% 周度差错-100% 投诉+0.0/万笔,1,undetermined,待定,纳入观察名单，不单独处置
2026-09-19,SH018,松江区第2支行,社区支行,松江区,0,0,threshold,0.9,0.9,1.0,7,9.0,error_rate,业务差错率,,同星期几偏离: 等候+62% 业务量-1% 周度差错-100% 投诉+0.0/万笔,1,undetermined,待定,纳入观察名单，不单独处置
