branch_code,branch_name,branch_kind,region,avg_wait,avg_vol,avg_err,avg_comp,avg_sat,avg_ech,avg_cap,avg_window,alert_cnt
SH001,浦东新区第1支行,综合支行,浦东新区,9.464777777777778,163.42222222222222,0.004001707522856205,0.0,4.581155555555556,0.6981285464838245,0.6225608465608465,23.34603174603175,0.0
SH002,浦东新区第2支行,综合支行,浦东新区,11.165777777777777,157.61111111111111,0.005381616477215626,0.5341880341880342,4.448166666666666,0.7682131471238371,0.7004938271604938,26.268518518518515,8.0
SH003,浦东新区第3支行,综合支行,浦东新区,28.414222222222225,221.7,0.004654785624094858,0.0,4.043877777777778,0.6484409311902309,0.9853333333333334,36.95,2.0
SH004,浦东新区第4支行,综合支行,浦东新区,11.537222222222221,133.92222222222222,0.003724669690732414,0.0,4.524977777777778,0.7043172293064072,0.7142518518518519,26.784444444444443,2.0
SH005,黄浦区第1支行,综合支行,黄浦区,2.713777777777778,98.08888888888889,0.002378660676144227,0.0,4.617744444444444,0.8033952178781697,0.37367195767195766,14.012698412698413,25.0
SH006,黄浦区第2支行,综合支行,黄浦区,9.133666666666667,129.4111111111111,0.004527662941772158,0.7770007770007771,4.577055555555556,0.7380588221864158,0.5751604938271605,21.56851851851852,3.0
SH007,黄浦区第3支行,综合支行,黄浦区,8.057333333333332,122.74444444444444,0.0031884705659565725,3.003003003003003,4.600633333333334,0.7248316656379793,0.46759788359788357,17.534920634920635,9.0
SH008,静安区第1支行,综合支行,静安区,7.0696666666666665,131.45555555555555,0.0030700578583807165,1.4687490911206118,4.612866666666667,0.7327523910046527,0.5842469135802469,21.909259259259258,4.0
SH009,静安区第2支行,综合支行,静安区,10.340777777777777,157.83333333333334,0.00268742760026155,0.0,4.575044444444445,0.6414967484910321,0.7014814814814815,26.305555555555557,7.0
SH010,自贸区临港新片区分行营业部,自贸区分行营业部,自贸区临港新片区,15.050333333333333,272.2,0.0026742464453775577,0.37792894935752075,4.440333333333333,0.7069771210224454,0.8065185185185186,30.244444444444444,1.0
SH011,自贸区临港新片区分行营业部,自贸区分行营业部,自贸区临港新片区,10.351666666666667,242.03333333333333,0.008418784256314026,1.615311729961661,4.293277777777778,0.6265230367839282,0.7171358024691358,26.892592592592596,4.0
SH012,闵行区第1支行,综合支行,闵行区,16.14822222222222,152.0222222222222,0.0035424634448507544,0.7168458781362007,4.576922222222223,0.7440571804989048,0.579132275132275,21.71746031746032,3.0
SH013,闵行区第2支行,综合支行,闵行区,13.099777777777778,171.11111111111111,0.005417335412763635,30.42195345404294,4.435033333333333,0.6698032032766579,0.7604938271604939,28.518518518518515,7.0
SH014,闵行区第3支行,综合支行,闵行区,10.502333333333334,108.64444444444445,0.004298162690404473,0.6858710562414265,4.534677777777778,0.7581012241078963,0.4828641975308642,18.107407407407408,13.0
SH015,宝山区第1支行,社区支行,宝山区,8.841111111111111,72.54444444444445,0.00530456062671569,0.0,4.567855555555555,0.7461026330456904,0.6448395061728395,24.181481481481484,2.0
SH016,宝山区第2支行,社区支行,宝山区,4.8421111111111115,56.522222222222226,0.00636568666573939,0.0,4.609511111111111,0.75254139201972,0.3768148148148148,14.130555555555556,3.0
SH017,松江区第1支行,社区支行,松江区,1.3754444444444445,51.644444444444446,0.0019569867420646775,1.6835016835016836,4.6201,0.7888178684616004,0.3442962962962963,12.911111111111111,26.0
SH018,松江区第2支行,社区支行,松江区,1.4126666666666667,30.033333333333335,0.0019395049123069365,0.0,4.6167,0.8698627573169122,0.20022222222222222,7.508333333333334,46.0
SH019,普陀区第1支行,小微专营支行,普陀区,10.869666666666667,125.68888888888888,0.0050885417801624444,0.8888888888888888,4.519733333333334,0.721143337421621,0.5586172839506173,20.948148148148146,1.0
SH020,普陀区第2支行,小微专营支行,普陀区,7.029555555555556,92.74444444444444,0.0059491984279337745,1.1695906432748537,4.563555555555556,0.7591402700457716,0.49463703703703704,18.54888888888889,5.0
