stat_date,counter_txn,avg_wait,error_rate,complaint,satisfaction,e_channel,capacity
2026-06-22,2797,9.362,0.002658296640115764,1.9920318725099602,4.5675,0.7273493492206126,0.6074031746031746
2026-06-23,2605,7.6245,0.005624520611016935,0.0,4.5883,0.7274214258029333,0.5657820105820106
2026-06-24,2516,7.2965,0.0037472337968093737,0.0,4.5873,0.7273925187417938,0.5464476190476191
2026-06-25,2478,7.095999999999999,0.0049681769332878874,0.0,4.5689,0.727419568777571,0.5381978835978836
2026-06-26,2590,7.579000000000001,0.0023933313468231777,0.0,4.5793,0.7273744396680286,0.5625365079365079
2026-06-27,2804,8.865,0.0043797259201660225,0.0,4.54735,0.7274474784145862,0.6091068783068783
2026-06-28,830,1.7305,0.0010638297872340426,13.513513513513512,4.5751,0.7281048636524445,0.18008253968253968
2026-06-29,2914,10.315000000000001,0.0031893114811233567,0.0,4.53605,0.72747826028174,0.6327417989417989
2026-06-30,2750,8.381,0.00391384851360888,3.225806451612903,4.5824,0.7273499186130972,0.5973206349206349
2026-07-01,2682,8.0775,0.004417736947206681,4.0,4.5607500000000005,0.7274339444705303,0.5823185185185185
2026-07-02,2662,7.9205,0.004892424886838384,0.0,4.561,0.7273131559748318,0.5782402116402117
2026-07-03,2797,8.799000000000001,0.0035567909559916185,0.0,4.5776,0.7273200040177316,0.6074031746031746
2026-07-04,3038,10.4005,0.005317685158165204,0.0,4.544849999999999,0.7273210246038815,0.659868783068783
2026-07-05,899,1.934,0.0027433448486080063,0.0,4.5836,0.7272595367181192,0.19516402116402115
2026-07-06,3139,12.265,0.0047756236739426375,0.0,4.4702,0.7274750441681864,0.6818169312169312
2026-07-07,2944,9.876000000000001,0.0037881253387416643,0.0,4.5736,0.7273869050071846,0.6393068783068783
2026-07-08,2850,9.114,0.0018201912076062446,0.0,4.57585,0.7273135813506474,0.6190783068783069
2026-07-09,2801,8.841,0.0025963154539853845,0.0,4.5598,0.7272899882852814,0.6082920634920634
2026-07-10,2906,9.501000000000001,0.0014096567272038514,0.0,4.5341499999999995,0.7274694008991716,0.6309809523809524
2026-07-11,3290,14.3255,0.005451291684756438,0.0,4.4384999999999994,0.7173913823149921,0.7098497354497354
2026-07-12,959,1.9665,0.004939473784702333,0.0,4.5901000000000005,0.7180959746615541,0.20666666666666664
2026-07-13,3136,12.061,0.006344605874879929,0.0,4.5244,0.7274920252669698,0.6809597883597884
2026-07-14,2906,9.434999999999999,0.0028808609539292497,0.0,4.5335,0.7275758728628938,0.6310550264550264
2026-07-15,2781,8.7395,0.001963802072116683,0.0,4.57725,0.7275904634705088,0.6040656084656084
2026-07-16,2711,8.333,0.004840501422296518,0.0,4.5851500000000005,0.7273785145127621,0.5889343915343915
2026-07-17,2796,8.754999999999999,0.0036666346233080052,0.0,4.5619,0.7274389103447274,0.6072190476190477
2026-07-18,2981,10.1165,0.004572555798232958,3.0864197530864197,4.5525,0.7274065214679403,0.6475576719576719
2026-07-19,868,1.832,0.0012240632930288103,0.0,4.5797,0.7270227524911699,0.18865502645502646
2026-07-20,3000,10.834999999999999,0.0032475629692793584,0.0,4.52285,0.7273306988169954,0.6516126984126984
2026-07-21,2784,8.8245,0.004241655790074142,0.0,4.56645,0.7275103147003982,0.6048761904761905
2026-07-22,2758,8.2905,0.004939874129816017,0.0,4.580900000000001,0.7208604603474115,0.6029280423280423
2026-07-23,2708,7.7395,0.0032859258971827685,0.0,4.561249999999999,0.7210486342400568,0.591952380952381
2026-07-24,2760,8.417,0.006369838487429541,0.0,4.58135,0.7258480963146309,0.6031714285714286
2026-07-25,2897,10.0265,0.0025163888708665426,0.0,4.53875,0.7323553294778888,0.6289640211640212
2026-07-26,853,1.7695,0.004351383534154579,0.0,4.5755,0.7326385870054263,0.18524232804232804
2026-07-27,2988,11.4045,0.005196894314714261,1.8518518518518519,4.4821,0.7322713672771561,0.6488148148148147
2026-07-28,2815,9.4205,0.0030761259999197814,0.0,4.5474499999999995,0.7322758060256536,0.6112349206349206
2026-07-29,2740,8.647499999999999,0.005785001671500263,0.0,4.5416,0.732263535568528,0.5949925925925925
2026-07-30,2719,8.824,0.0037868490064855,2.8735632183908044,4.55685,0.7324437704163831,0.5903714285714285
2026-07-31,2859,9.767,0.00426606798464134,0.0,4.5231,0.7324362898734283,0.6206698412698413
2026-08-01,3078,11.3435,0.005841553001779032,0.0,4.4977,0.7322973977327658,0.6681968253968253
2026-08-02,914,1.857,0.003812104787714544,0.0,4.5707,0.7320798502015904,0.19857037037037037
2026-08-03,3205,13.63,0.00742170256208592,4.914817182024552,4.44325,0.7321635980150116,0.6961015873015872
2026-08-04,3021,10.851,0.0026623068520929953,0.0,4.4975000000000005,0.7321936511933861,0.6560910052910053
2026-08-05,2937,10.208,0.005202079564490052,0.0,4.5166,0.7321982319623738,0.6379915343915343
2026-08-06,2902,10.2925,0.004740816172256713,0.0,4.5286,0.7322574075029622,0.6303026455026455
2026-08-07,3032,11.003,0.006186404311635347,0.0,4.5009999999999994,0.7322656202213778,0.658336507936508
2026-08-08,3268,13.4465,0.0023818176637017004,4.098761408083442,4.433,0.7322699022454249,0.7098
2026-08-09,958,2.1805,0.007574555098838154,0.0,4.57545,0.7324666350762514,0.20797354497354498
2026-08-10,3327,15.1995,0.004921224095689252,0.0,4.39225,0.732493931998947,0.7223079365079366
2026-08-11,3096,11.6645,0.0031218828655303213,0.0,4.4826999999999995,0.7322155586117994,0.672368253968254
2026-08-12,2969,10.5465,0.002636620262135641,6.921161030750072,4.494149999999999,0.7323675926069549,0.6445619047619047
2026-08-13,2897,9.923,0.005752457554424098,0.0,4.53735,0.7323810322891339,0.6289640211640212
2026-08-14,2986,10.620000000000001,0.0030222091664713524,0.0,4.5065,0.732304448288994,0.6484761904761904
2026-08-15,3180,12.578,0.005860275317507943,0.0,4.46445,0.7324226994555956,0.6904783068783068
2026-08-16,925,1.9565000000000001,0.005545525259968886,0.0,4.5647,0.7322209352321674,0.20084021164021165
2026-08-17,3178,13.0605,0.00501339192555042,0.0,4.46465,0.7323894996816849,0.6900973544973545
2026-08-18,2941,10.0135,0.003979835308860433,0.0,4.5324,0.7321725629925521,0.6387005291005291
2026-08-19,2815,9.252500000000001,0.0036283361306045864,0.0,4.539499999999999,0.732180230385482,0.6112349206349206
2026-08-20,2741,8.9875,0.002742189010879825,0.0,4.5594,0.7322221077557453,0.5952148148148149
2026-08-21,2835,9.553999999999998,0.0029291263258703045,5.263157894736842,4.5209,0.7320726543467091,0.6157449735449736
2026-08-22,3033,11.09,0.007609870298665821,0.0,4.4838000000000005,0.7323488332729571,0.6585587301587301
2026-08-23,889,2.011,0.003730737316263632,0.0,4.561249999999999,0.7324037282919849,0.19307724867724868
2026-08-24,3090,12.4085,0.004740382864773516,0.0,4.448449999999999,0.7322140653631054,0.6711280423280424
2026-08-25,2892,9.8095,0.005076346926097538,1.7006802721088434,4.53855,0.7322558964071818,0.6279142857142858
2026-08-26,2803,9.234,0.004305757631985818,2.793296089385475,4.5444,0.7322625667504464,0.6085798941798941
2026-08-27,2771,9.113499999999998,0.0035070277855736333,0.0,4.52375,0.7323972580607946,0.6017132275132275
2026-08-28,2906,9.9685,0.0038145032241033335,16.129032258064516,4.524900000000001,0.7323895148340319,0.6311174603174603
2026-08-29,3157,12.358500000000001,0.005442217392062441,17.326732673267326,4.4417,0.7322413553098411,0.6854
2026-08-30,936,1.9594999999999998,0.005388321237585944,58.333333333333336,4.57015,0.7323499003112911,0.20316190476190474
2026-08-31,3288,14.653,0.00636616259040085,19.047619047619047,4.3737,0.7323551752448177,0.7138783068783069
2026-09-01,3068,11.445,0.003303235099888792,17.857142857142854,4.4815,0.7324715765630836,0.6661291005291006
2026-09-02,2994,43.1665,0.0049042156996184074,0.0,4.43195,0.7321872208114364,0.6502402116402116
2026-09-03,2970,10.4955,0.0026695719938172055,0.0,4.51385,0.7324135784072852,0.644784126984127
2026-09-04,3118,11.785499999999999,0.0036123768743023324,0.0,4.48975,0.7322835574708021,0.6769597883597884
2026-09-05,3381,14.87,0.0037710252662344007,0.0,4.4008,0.7321393965026319,0.7342920634920634
2026-09-06,999,1.9555,0.006292896239272638,0.0,4.556649999999999,0.7319464617212882,0.21690264550264549
2026-09-07,3481,17.628999999999998,0.004038141137788945,0.0,4.3429,0.7325276326022659,0.7556793650793651
2026-09-08,3259,13.2895,0.003409536386662162,0.0,4.43065,0.7321745241763941,0.707789417989418
2026-09-09,3144,11.977,0.006813198660481334,0.0,4.47985,0.7324559464989226,0.6826306878306878
2026-09-10,3084,11.5955,0.0021840410226063875,2.5380710659898478,4.4662,0.7322732869488289,0.6697894179894179
2026-09-11,3196,12.7935,0.00577027858301315,0.0,4.4418500000000005,0.7321718726630165,0.6941280423280423
2026-09-12,3416,15.481,0.0037643374844224635,0.0,4.37845,0.7322935509865929,0.7418645502645502
2026-09-13,996,2.1995,0.0036067461610140503,0.0,4.54685,0.7321289757868202,0.2162994708994709
2026-09-14,3429,16.9775,0.004336621727331201,7.575757575757576,4.3783,0.7323809503763663,0.744478306878307
2026-09-15,3170,12.395999999999999,0.0035988103702400535,0.0,4.461399999999999,0.732300065481295,0.6884867724867725
2026-09-16,3029,10.866499999999998,0.0038859762906277946,0.0,4.49305,0.7323404525203352,0.6576253968253968
2026-09-17,2944,10.075,0.006344208246190387,0.0,4.5167,0.7325346428600521,0.6393354497354498
2026-09-18,3033,11.1525,0.003947640940063671,0.0,4.50605,0.7323134323244944,0.6585587301587301
2026-09-19,3232,12.958000000000002,0.005153259548249014,0.0,4.4716000000000005,0.7323845723955168,0.7019280423280423
